﻿<?xml version="1.0" encoding="utf-8"?><HelpTOCNode Title="Form1 Methods" Url="html/0a4ddabf-6991-3240-64b4-7dfb6b88ef67.htm"><HelpTOCNode Title="button1_Click Method " Url="html/14a6b2b9-43ca-18a2-e1a6-eb4fe2d6c3e8.htm" /><HelpTOCNode Title="button2_Click Method " Url="html/e43aa911-f331-7c66-5bb6-2a4b741516a1.htm" /><HelpTOCNode Title="contextMenuStrip1_Opening Method " Url="html/d321ca71-dfa1-d814-20f5-1887eb63dd40.htm" /><HelpTOCNode Title="Dispose Method " Url="html/6f714cf3-839f-4e66-44f7-be30787db07d.htm" /><HelpTOCNode Title="InitializeComponent Method " Url="html/49250f6d-de02-8c02-a1d4-12e10119a690.htm" /><HelpTOCNode Title="loadToolStripMenuItem_Click Method " Url="html/52873d58-2f1b-9877-395c-082357e2541b.htm" /><HelpTOCNode Title="pictureBox1_Paint Method " Url="html/8bc3eba9-345f-67a7-4223-9991f5f8d058.htm" /><HelpTOCNode Title="saveToolStripMenuItem_Click Method " Url="html/9cfd9f48-1f55-da1d-a8bf-d9a72ddc88b5.htm" /><HelpTOCNode Title="textBox1_KeyDown Method " Url="html/60ce29f5-9c03-3d4d-628f-4aab635b4f46.htm" /></HelpTOCNode>