﻿<?xml version="1.0" encoding="utf-8"?><HelpTOCNode Title="Component2" Url="html/4322d52c-2790-a401-15ef-58e3abcc42c8.htm"><HelpTOCNode Title="commandCheck Class" Url="html/19e40a2f-e760-6e60-6816-91e56621d3b5.htm" HasChildren="true" /><HelpTOCNode Title="commandParser Class" Url="html/8994686c-5938-c756-9464-833b450a79b7.htm" HasChildren="true" /><HelpTOCNode Title="DrawCircle Class" Url="html/bf6e280f-debd-2caf-18ad-d6242a60ef35.htm" HasChildren="true" /><HelpTOCNode Title="Drawing Class" Url="html/5ec438ce-0b50-3128-7530-dec58dee1502.htm" HasChildren="true" /><HelpTOCNode Title="DrawPolygon Class" Url="html/ccccca19-108f-242b-4ae0-45d3a5119dcd.htm" HasChildren="true" /><HelpTOCNode Title="DrawRectangle Class" Url="html/880a150e-1d26-1d29-5ad1-568e2d0ee739.htm" HasChildren="true" /><HelpTOCNode Title="DrawTriangle Class" Url="html/ec786896-b3a0-6af8-9266-11f56350b230.htm" HasChildren="true" /><HelpTOCNode Title="Form1 Class" Url="html/053a9a96-3659-a345-d22d-d9ef8dccc8ba.htm" HasChildren="true" /><HelpTOCNode Title="methods Class" Url="html/ad3a2d93-1cd0-ec53-765e-e20ec744361d.htm" HasChildren="true" /><HelpTOCNode Title="Program Class" Url="html/0d74e110-4e6c-7def-101d-a7845297ca84.htm" HasChildren="true" /><HelpTOCNode Title="Shape Class" Url="html/8e1bf1fd-8314-5505-4dc4-48a4841ceb27.htm" HasChildren="true" /><HelpTOCNode Title="Variable Class" Url="html/1ef46f73-eb79-eb64-3cf1-65b040db38a6.htm" HasChildren="true" /></HelpTOCNode>