﻿<?xml version="1.0" encoding="utf-8"?><HelpTOCNode Title="Form1 Fields" Url="html/9af1836a-ed99-0e14-2618-2e5435df9b45.htm"><HelpTOCNode Title="bit Field" Url="html/f3560978-9219-61c1-1a55-fc8993c24d61.htm" /><HelpTOCNode Title="bit2 Field" Url="html/082be031-bf5d-88ce-0e71-f7774a11ea52.htm" /><HelpTOCNode Title="button1 Field" Url="html/1cdb0009-bc8a-3146-be98-a8a69cf165fe.htm" /><HelpTOCNode Title="button2 Field" Url="html/256647f1-d21a-2d58-82fc-d6fe7f7dea6f.htm" /><HelpTOCNode Title="components Field" Url="html/8ba00c45-2d78-8273-3088-36bc171e9042.htm" /><HelpTOCNode Title="contextMenuStrip1 Field" Url="html/074787d1-1ebf-0fab-4777-9997473bf62f.htm" /><HelpTOCNode Title="fileToolStripMenuItem Field" Url="html/c2619324-cfe2-fb14-0227-f405f58d0e32.htm" /><HelpTOCNode Title="g Field" Url="html/dcaccbfe-b893-9147-3807-bb14c35ea8ba.htm" /><HelpTOCNode Title="loadToolStripMenuItem Field" Url="html/44e723a2-0985-6d74-f811-621581e00703.htm" /><HelpTOCNode Title="menuStrip1 Field" Url="html/84c24bc8-e4b2-10ca-bbf9-adbe27d4974b.htm" /><HelpTOCNode Title="mybitmap Field" Url="html/8e4024b3-0a85-d259-1a3c-a4b99730b17f.htm" /><HelpTOCNode Title="NewDrawing Field" Url="html/39d25493-03a7-0deb-5de2-152d2ec2ac19.htm" /><HelpTOCNode Title="pictureBox1 Field" Url="html/c0d3af68-d8f9-3443-8a09-684e8bc39494.htm" /><HelpTOCNode Title="richTextBox1 Field" Url="html/80d2c9e3-74cb-8197-bb3c-3fec33cc87be.htm" /><HelpTOCNode Title="saveToolStripMenuItem Field" Url="html/12eb428c-10f2-7a16-844d-e701b13d47a2.htm" /><HelpTOCNode Title="textBox1 Field" Url="html/7c59f671-0a8e-3243-f9d7-116b23aa08fb.htm" /></HelpTOCNode>