﻿<?xml version="1.0" encoding="utf-8"?><HelpTOCNode Title="Drawing Fields" Url="html/eba6af26-db71-5be6-0c1f-ca680d3ee5ec.htm"><HelpTOCNode Title="Brush Field" Url="html/02e08fe2-f140-d761-3d7b-37f649c81181.htm" /><HelpTOCNode Title="commandCheck Field" Url="html/96e2b774-0e83-0bd8-ee69-090b6ec5db8e.htm" /><HelpTOCNode Title="error Field" Url="html/82aee29c-c9fe-9156-72a0-1e77d5d5acd0.htm" /><HelpTOCNode Title="fill Field" Url="html/fcfc4276-a638-e1d0-627b-1bc2858d16e2.htm" /><HelpTOCNode Title="g Field" Url="html/77652f95-ed25-2684-3226-03886ac2e7cc.htm" /><HelpTOCNode Title="m Field" Url="html/1c758bcb-74b3-6e0a-1f28-f71d4188343c.htm" /><HelpTOCNode Title="p Field" Url="html/fe976dcd-81e5-1a6e-bd98-01b59a32cb7d.htm" /><HelpTOCNode Title="v Field" Url="html/f3175165-3bb3-2d4c-0464-46a09525ade7.htm" /><HelpTOCNode Title="xposition Field" Url="html/e0b0b940-aef3-2246-67af-d8b9da763bc1.htm" /><HelpTOCNode Title="yposition Field" Url="html/5510c327-5c2b-692b-6e17-3b178fa833f5.htm" /></HelpTOCNode>